Time,Total,Per Sec,Okay,Relayed,Error
300.87087225914,752159,3136.5,705642,0,46517
481.5204060077667,1326418,3175.5,1245361,0,81057
601.8580594062805,1707918,3165.0,1603620,0,104298
